gene_symbol,gene_description,ko_id,variant_entry_count
ABCB11,ATP binding cassette subfamily B member 11,K05664,1
ABL1,"ABL proto-oncogene 1, non-receptor tyrosine kinase",K06619,2
ACAD8,acyl-CoA dehydrogenase family member 8,K11538,1
ACADM,acyl-CoA dehydrogenase medium chain,K00249,1
ACADS,acyl-CoA dehydrogenase short chain,K00248,1
ACADSB,acyl-CoA dehydrogenase short/branched chain,K09478,1
ACADVL,acyl-CoA dehydrogenase very long chain,K09479,1
ACD,ACD shelterin complex subunit and telomerase recruitment factor,K11114,1
ACO2,aconitase 2,K01681,1
ACOX1,acyl-CoA oxidase 1,K00232,1
ACOX2,acyl-CoA oxidase 2,K10214,1
ACSL4,acyl-CoA synthetase long chain family member 4,K01897,1
ACVR1,activin A receptor type 1,K04675,1
ACVR2B,activin A receptor type 2B,K13596,1
ACVRL1,activin A receptor like type 1,K13594,1
ADA,adenosine deaminase,K01488,1
ADAM17,ADAM metallopeptidase domain 17,K06059,1
ADAR,adenosine deaminase RNA specific,K12968,1
ADPRS,ADP-ribosylserine hydrolase,K11687,1
AFF1,ALF transcription elongation factor 1,K15184,1
AGL,"amylo-alpha-1, 6-glucosidase, 4-alpha-glucanotransferase",K01196,1
AIP,aryl hydrocarbon receptor interacting protein,K17767,1
AKR1D1,aldo-keto reductase family 1 member D1,K00251,1
ALAD,aminolevulinate dehydratase,K01698,1
ALAS2,5'-aminolevulinate synthase 2,K00643,1
ALDH4A1,aldehyde dehydrogenase 4 family member A1,K00294,1
ALDH6A1,aldehyde dehydrogenase 6 family member A1,K00140,1
ALDOA,"aldolase, fructose-bisphosphate A",K01623,1
ALG1,ALG1 chitobiosyldiphosphodolichol beta-mannosyltransferase,K03842,1
ALG11,"ALG11 alpha-1,2-mannosyltransferase",K03844,1
ALG12,"ALG12 alpha-1,6-mannosyltransferase",K03847,1
ALG13,ALG13 UDP-N-acetylglucosaminyltransferase subunit,K07432,1
ALG2,"ALG2 alpha-1,3/1,6-mannosyltransferase",K03843,1
ALG3,"ALG3 alpha-1,3- mannosyltransferase",K03845,1
ALG6,"ALG6 alpha-1,3-glucosyltransferase",K03848,1
ALG8,"ALG8 alpha-1,3-glucosyltransferase",K03849,1
ALG9,"ALG9 alpha-1,2-mannosyltransferase",K03846,1
ALK,ALK receptor tyrosine kinase,K05119,2
ALPL,"alkaline phosphatase, biomineralization associated",K01077,1
AMACR,alpha-methylacyl-CoA racemase,K01796,2
AMH,anti-Mullerian hormone,K04665,1
AMHR2,anti-Mullerian hormone receptor type 2,K04672,1
AMT,aminomethyltransferase,K00605,1
ANAPC1,anaphase promoting complex subunit 1,K03348,1
ANAPC7,anaphase promoting complex subunit 7,K03354,1
APC,APC regulator of WNT signaling pathway,K02085,1
APOB,apolipoprotein B,K14462,1
APP,amyloid beta precursor protein,K04520,1
APRT,adenine phosphoribosyltransferase,K00759,1
APTX,aprataxin,K10863,1
AR,androgen receptor,K08557,2
AREG,amphiregulin,K09782,1
ARG1,arginase 1,K01476,1
ARSA,arylsulfatase A,K01134,1
ARSB,arylsulfatase B,K01135,1
ASAH1,N-acylsphingosine amidohydrolase 1,K12348,1
ASL,argininosuccinate lyase,K01755,1
ASS1,argininosuccinate synthase 1,K01940,1
ATF1,activating transcription factor 1,K09053,1
ATM,ATM serine/threonine kinase,K04728,1
ATP1A1,ATPase Na+/K+ transporting subunit alpha 1,K01539,1
ATP2B3,ATPase plasma membrane Ca2+ transporting 3,K05850,1
ATR,ATR serine/threonine kinase,K06640,1
ATRX,ATRX chromatin remodeler,K10779,1
ATXN1,ataxin 1,K23616,1
ATXN2,ataxin 2,K23625,1
ATXN3,ataxin 3,K11863,1
AUH,AU RNA binding methylglutaconyl-CoA hydratase,K05607,1
AURKA,aurora kinase A,K11481,1
AVP,arginine vasopressin,K05242,1
AVPR2,arginine vasopressin receptor 2,K04228,1
AXIN1,axin 1,K02157,1
AXIN2,axin 2,K04385,1
B3GALNT2,"beta-1,3-N-acetylgalactosaminyltransferase 2",K09654,1
B3GALT6,"beta-1,3-galactosyltransferase 6",K00734,1
B3GAT3,"beta-1,3-glucuronyltransferase 3",K10158,1
B4GALT1,"beta-1,4-galactosyltransferase 1",K07966,1
B4GALT7,"beta-1,4-galactosyltransferase 7",K00733,1
B4GAT1,"beta-1,4-glucuronyltransferase 1",K21032,1
BANF1,BAF nuclear assembly factor 1,K21870,1
BARD1,BRCA1 associated RING domain 1,K10683,1
BAX,"BCL2 associated X, apoptosis regulator",K02159,1
BCKDHA,branched chain keto acid dehydrogenase E1 subunit alpha,K00166,1
BCKDHB,branched chain keto acid dehydrogenase E1 subunit beta,K00167,1
BCL2,BCL2 apoptosis regulator,K02161,1
BLM,BLM RecQ like helicase,K10901,1
BMP15,bone morphogenetic protein 15,K05498,1
BMP2,bone morphogenetic protein 2,K21283,1
BMPR1A,bone morphogenetic protein receptor type 1A,K04673,1
BMPR1B,bone morphogenetic protein receptor type 1B,K13578,1
BMPR2,bone morphogenetic protein receptor type 2,K04671,1
BRAF,"B-Raf proto-oncogene, serine/threonine kinase",K04365,2
BRCA1,BRCA1 DNA repair associated,K10605,1
BRCA2,BRCA2 DNA repair associated,K08775,1
BRIP1,BRCA1 interacting helicase 1,K15362,1
BUB1,BUB1 mitotic checkpoint serine/threonine kinase,K02178,1
BUB1B,BUB1 mitotic checkpoint serine/threonine kinase B,K06637,1
C1QA,complement C1q A chain,K03986,1
C1QB,complement C1q B chain,K03987,1
C1QC,complement C1q C chain,K03988,1
C1R,complement C1r,K01330,1
C1S,complement C1s,K01331,1
C2,complement C2,K01332,1
C3,complement C3,K03990,1
C4A,complement C4A (Rodgers blood group),K03989,1
C4B,complement C4B (Chido blood group),K03989,1
C5,complement C5,K03994,1
C6,complement C6,K03995,1
C7,complement C7,K03996,1
C8A,complement C8 alpha chain,K03997,1
C8B,complement C8 beta chain,K03998,1
C9,complement C9,K04000,1
C9orf72,C9orf72-SMCR8 complex subunit,K23609,1
CACNA1A,calcium voltage-gated channel subunit alpha1 A,K04344,1
CACNA1D,calcium voltage-gated channel subunit alpha1 D,K04851,1
CACNA1H,calcium voltage-gated channel subunit alpha1 H,K04855,1
CARD8,caspase recruitment domain family member 8,K12801,1
CASP10,caspase 10,K04400,1
CASP8,caspase 8,K04398,1
CASR,calcium sensing receptor,K04612,1
CBL,Cbl proto-oncogene,K04707,1
CCND1,cyclin D1,K04503,1
CCNE1,cyclin E1,K06626,1
CCT5,chaperonin containing TCP1 subunit 5,K09497,1
CD46,CD46 molecule,K04007,1
CD55,CD55 molecule (Cromer blood group),K04006,1
CD59,CD59 molecule (CD59 blood group),K04008,1
CDC45,cell division cycle 45,K06628,1
CDC6,cell division cycle 6,K02213,1
CDH1,cadherin 1,K05689,4
CDK4,cyclin dependent kinase 4,K02089,2
CDK5RAP2,CDK5 regulatory subunit associated protein 2,K16542,1
CDKN1B,cyclin dependent kinase inhibitor 1B,K06624,3
CDKN2A,cyclin dependent kinase inhibitor 2A,K06621,2
CDON,"cell adhesion associated, oncogene regulated",K20033,1
CDT1,chromatin licensing and DNA replication factor 1,K10727,1
CDX2,caudal type homeobox 2,K22234,1
CENPE,centromere protein E,K11498,1
CENPF,centromere protein F,K11499,1
CENPT,centromere protein T,K11512,1
CEP57,centrosomal protein 57,K16762,1
CFB,complement factor B,K01335,1
CFD,complement factor D,K01334,1
CFH,complement factor H,K04004,1
CFHR1,complement factor H related 1,K23815,1
CFHR3,complement factor H related 3,K23815,1
CFHR5,complement factor H related 5,K23817,1
CFI,complement factor I,K01333,1
CFP,complement factor properdin,K15412,1
CFTR,CF transmembrane conductance regulator,K05031,1
CHST14,carbohydrate sulfotransferase 14,K08105,1
CHST3,carbohydrate sulfotransferase 3,K01020,1
CHSY1,chondroitin sulfate synthase 1,K13499,1
CLTC,clathrin heavy chain,K04646,1
COLEC10,collectin subfamily member 10,K10065,1
COLEC11,collectin subfamily member 11,K10066,1
CP,ceruloplasmin,K13624,1
CPOX,coproporphyrinogen oxidase,K00228,1
CPS1,carbamoyl-phosphate synthase 1,K01948,1
CPT1A,carnitine palmitoyltransferase 1A,K08765,1
CPT2,carnitine palmitoyltransferase 2,K08766,1
CRPPA,CDP-L-ribitol pyrophosphorylase A,K21031,1
CSGALNACT1,chondroitin sulfate N-acetylgalactosaminyltransferase 1,K00746,1
CSNK2A1,casein kinase 2 alpha 1,K03097,1
CTC1,CST telomere replication complex component 1,K23311,1
CTCF,CCCTC-binding factor,K23195,1
CTNNB1,catenin beta 1,K02105,1
CYCS,"cytochrome c, somatic",K08738,1
CYP11A1,cytochrome P450 family 11 subfamily A member 1,K00498,1
CYP11B1,cytochrome P450 family 11 subfamily B member 1,K00497,1
CYP11B2,cytochrome P450 family 11 subfamily B member 2,K07433,2
CYP17A1,cytochrome P450 family 17 subfamily A member 1,K00512,1
CYP19A1,cytochrome P450 family 19 subfamily A member 1,K07434,2
CYP21A2,cytochrome P450 family 21 subfamily A member 2,K00513,1
CYP27A1,cytochrome P450 family 27 subfamily A member 1,K00488,1
CYP27B1,cytochrome P450 family 27 subfamily B member 1,K07438,1
CYP2A6,cytochrome P450 family 2 subfamily A member 6,K17683,1
CYP2B6,cytochrome P450 family 2 subfamily B member 6,K17709,1
CYP2C19,cytochrome P450 family 2 subfamily C member 19,K17721,1
CYP2C9,cytochrome P450 family 2 subfamily C member 9,K17719,1
CYP2D6,cytochrome P450 family 2 subfamily D member 6,K17712,1
CYP2R1,cytochrome P450 family 2 subfamily R member 1,K07419,1
CYP3A5,cytochrome P450 family 3 subfamily A member 5,K17690,1
CYP7B1,cytochrome P450 family 7 subfamily B member 1,K07430,1
DAB1,DAB adaptor protein 1,K20054,1
DBH,dopamine beta-hydroxylase,K00503,1
DBT,dihydrolipoamide branched chain transacylase E2,K09699,1
DCC,DCC netrin 1 receptor,K06765,1
DCLRE1C,DNA cross-link repair 1C,K10887,1
DCT,dopachrome tautomerase,K01827,1
DCTN1,dynactin subunit 1,K04648,1
DDB1,damage specific DNA binding protein 1,K10610,1
DDB2,damage specific DNA binding protein 2,K10140,1
DDC,dopa decarboxylase,K01593,1
DDIT3,DNA damage inducible transcript 3,K04452,1
DDOST,dolichyl-diphosphooligosaccharide--protein glycosyltransferase non-catalytic subunit,K12670,1
DDX11,DEAD/H-box helicase 11,K11273,1
DEPDC5,"DEP domain containing 5, GATOR1 subcomplex subunit",K20404,1
DHCR24,24-dehydrocholesterol reductase,K09828,1
DHCR7,7-dehydrocholesterol reductase,K00213,1
DHDDS,dehydrodolichyl diphosphate synthase subunit,K11778,1
DKC1,dyskerin pseudouridine synthase 1,K11131,1
DLAT,dihydrolipoamide S-acetyltransferase,K00627,1
DLD,dihydrolipoamide dehydrogenase,K00382,1
DLL3,delta like canonical Notch ligand 3,K06051,1
DLL4,delta like canonical Notch ligand 4,K06051,1
DMD,dystrophin,K10366,1
DNA2,DNA replication helicase/nuclease 2,K10742,1
DNASE1,deoxyribonuclease 1,K11994,1
DNASE1L3,deoxyribonuclease 1 like 3,K11995,1
DNASE2,"deoxyribonuclease 2, lysosomal",K01158,1
DNMT3B,DNA methyltransferase 3 beta,K17399,1
DOLK,dolichol kinase,K00902,1
DPAGT1,dolichyl-phosphate N-acetylglucosaminephosphotransferase 1,K01001,1
DPM1,"dolichyl-phosphate mannosyltransferase subunit 1, catalytic",K00721,1
DPM2,"dolichyl-phosphate mannosyltransferase subunit 2, regulatory",K09658,1
DPM3,"dolichyl-phosphate mannosyltransferase subunit 3, regulatory",K09659,1
DPYD,dihydropyrimidine dehydrogenase,K00207,1
DPYS,dihydropyrimidinase,K01464,1
DSE,dermatan sulfate epimerase,K01794,1
DUOX2,dual oxidase 2,K13411,1
DUOXA2,dual oxidase maturation factor 2,K17232,1
DUSP6,dual specificity phosphatase 6,K21946,1
DVL1,dishevelled segment polarity protein 1,K02353,1
DVL3,dishevelled segment polarity protein 3,K02353,1
DYNC1H1,dynein cytoplasmic 1 heavy chain 1,K10413,1
DYNC1I2,dynein cytoplasmic 1 intermediate chain 2,K10415,1
DYNC2H1,dynein cytoplasmic 2 heavy chain 1,K10414,1
DYNC2LI1,dynein cytoplasmic 2 light intermediate chain 1,K10417,1
EBP,EBP cholestenol delta-isomerase,K01824,1
ECHS1,"enoyl-CoA hydratase, short chain 1",K07511,1
EGF,epidermal growth factor,K04357,1
EGFR,epidermal growth factor receptor,K04361,5
ENG,endoglin,K06526,1
ENO3,enolase 3,K01689,1
EPO,erythropoietin,K05437,1
EPOR,erythropoietin receptor,K05079,1
ERBB2,erb-b2 receptor tyrosine kinase 2,K05083,3
ERBB4,erb-b2 receptor tyrosine kinase 4,K05085,1
ERCC1,"ERCC excision repair 1, endonuclease non-catalytic subunit",K10849,1
ERCC2,"ERCC excision repair 2, TFIIH core complex helicase subunit",K10844,1
ERCC3,"ERCC excision repair 3, TFIIH core complex helicase subunit",K10843,1
ERCC4,"ERCC excision repair 4, endonuclease catalytic subunit",K10848,1
ERCC5,"ERCC excision repair 5, endonuclease",K10846,1
ERCC6,"ERCC excision repair 6, chromatin remodeling factor",K10841,1
ERCC8,"ERCC excision repair 8, CSA ubiquitin ligase complex subunit",K10570,1
EREG,epiregulin,K09784,1
ERG,ETS transcription factor ERG,K09435,2
ESCO2,establishment of sister chromatid cohesion N-acetyltransferase 2,K11268,1
ESR1,estrogen receptor 1,K08550,2
ETV1,ETS variant transcription factor 1,K09431,1
ETV5,ETS variant transcription factor 5,K15593,1
EVC,EvC ciliary complex subunit 1,K19605,1
EVC2,EvC ciliary complex subunit 2,K19608,1
EXT1,exostosin glycosyltransferase 1,K02366,1
EXT2,exostosin glycosyltransferase 2,K02367,1
EXTL3,exostosin like glycosyltransferase 3,K02370,1
EZH2,enhancer of zeste 2 polycomb repressive complex 2 subunit,K11430,1
F10,coagulation factor X,K01314,1
F11,coagulation factor XI,K01323,1
F12,coagulation factor XII,K01328,1
F13A1,coagulation factor XIII A chain,K03917,1
F13B,coagulation factor XIII B chain,K03906,1
F2,"coagulation factor II, thrombin",K01313,2
F5,coagulation factor V,K03902,2
F7,coagulation factor VII,K01320,1
F8,coagulation factor VIII,K03899,1
F9,coagulation factor IX,K01321,1
FAH,fumarylacetoacetate hydrolase,K01555,1
FAN1,FANCD2 and FANCI associated nuclease 1,K15363,1
FANCA,FA complementation group A,K10888,1
FANCB,FA complementation group B,K10889,1
FANCC,FA complementation group C,K10890,1
FANCD2,FA complementation group D2,K10891,1
FANCE,FA complementation group E,K10892,1
FANCF,FA complementation group F,K10893,1
FANCG,FA complementation group G,K10894,1
FANCI,FA complementation group I,K10895,1
FANCL,FA complementation group L,K10606,1
FANCM,FA complementation group M,K10896,1
FAS,Fas cell surface death receptor,K04390,1
FASLG,Fas ligand,K04389,1
FBN1,fibrillin 1,K06825,1
FCN3,ficolin 3,K10104,1
FDPS,farnesyl diphosphate synthase,K00787,1
FECH,ferrochelatase,K01772,1
FGA,fibrinogen alpha chain,K03903,1
FGB,fibrinogen beta chain,K03904,1
FGF17,fibroblast growth factor 17,K04358,1
FGF8,fibroblast growth factor 8,K04358,1
FGFR1,fibroblast growth factor receptor 1,K04362,2
FGFR2,fibroblast growth factor receptor 2,K05093,3
FGFR3,fibroblast growth factor receptor 3,K05094,3
FGG,fibrinogen gamma chain,K03905,1
FH,fumarate hydratase,K01679,1
FKRP,fukutin related protein,K19873,1
FKTN,fukutin,K19872,1
FLCN,folliculin,K09594,1
FLI1,"Fli-1 proto-oncogene, ETS transcription factor",K09436,1
FLT3,fms related receptor tyrosine kinase 3,K05092,2
FOXO1,forkhead box O1,K07201,1
FSHB,follicle stimulating hormone subunit beta,K05250,1
FTH1,ferritin heavy chain 1,K00522,1
FTL,ferritin light chain,K13625,1
FUS,FUS RNA binding protein,K13098,1
FZD2,frizzled class receptor 2,K02235,1
FZD6,frizzled class receptor 6,K02376,1
FZD7,frizzled class receptor 7,K02432,1
G6PC1,glucose-6-phosphatase catalytic subunit 1,K01084,1
G6PD,glucose-6-phosphate dehydrogenase,K00036,1
GAA,alpha glucosidase,K12316,1
GALC,galactosylceramidase,K01202,1
GALE,UDP-galactose-4-epimerase,K01784,1
GALK1,galactokinase 1,K00849,1
GALM,galactose mutarotase,K01785,1
GALNS,galactosamine (N-acetyl)-6-sulfatase,K01132,1
GALT,galactose-1-phosphate uridylyltransferase,K00965,1
GAMT,guanidinoacetate N-methyltransferase,K00542,1
GATM,glycine amidinotransferase,K00613,1
GBA1,glucosylceramidase beta 1,K01201,1
GBE1,"1,4-alpha-glucan branching enzyme 1",K00700,1
GCH1,GTP cyclohydrolase 1,K01495,1
GCLC,glutamate-cysteine ligase catalytic subunit,K11204,1
GCM2,glial cells missing transcription factor 2,K21598,2
GCSH,glycine cleavage system protein H,K02437,1
GDF2,growth differentiation factor 2,K05503,1
GDF5,growth differentiation factor 5,K04664,1
GDF6,growth differentiation factor 6,K20012,1
GH1,growth hormone 1,K05438,1
GHR,growth hormone receptor,K05080,1
GHRHR,growth hormone releasing hormone receptor,K04584,1
GINS1,GINS complex subunit 1,K10732,1
GLA,galactosidase alpha,K01189,2
GLB1,galactosidase beta 1,K12309,1
GLDC,glycine decarboxylase,K00281,1
GLE1,GLE1 RNA export mediator,K18723,1
GLI1,GLI family zinc finger 1,K16797,1
GLI2,GLI family zinc finger 2,K16798,1
GLI3,GLI family zinc finger 3,K06230,1
GMNN,geminin DNA replication inhibitor,K10749,1
GNAS,GNAS complex locus,K04632,2
GNRH1,gonadotropin releasing hormone 1,K05252,1
GNRHR,gonadotropin releasing hormone receptor,K04280,1
GNS,glucosamine (N-acetyl)-6-sulfatase,K01137,1
GPAA1,glycosylphosphatidylinositol anchor attachment 1,K05289,1
GPHN,gephyrin,K15376,1
GPX1,glutathione peroxidase 1,K00432,1
GPX4,glutathione peroxidase 4,K05361,1
GREM2,"gremlin 2, DAN family BMP antagonist",K23318,1
GRM1,glutamate metabotropic receptor 1,K04603,1
GSR,glutathione-disulfide reductase,K00383,1
GSS,glutathione synthetase,K21456,1
GTF2H5,general transcription factor IIH subunit 5,K10845,1
GUSB,glucuronidase beta,K01195,1
GYG1,glycogenin 1,K00750,1
GYS1,glycogen synthase 1,K00693,1
GYS2,glycogen synthase 2,K00693,1
H6PD,hexose-6-phosphate dehydrogenase/glucose 1-dehydrogenase,K13937,1
HADH,hydroxyacyl-CoA dehydrogenase,K00022,1
HADHA,hydroxyacyl-CoA dehydrogenase trifunctional multienzyme complex subunit alpha,K07515,1
HADHB,hydroxyacyl-CoA dehydrogenase trifunctional multienzyme complex subunit beta,K07509,1
HAMP,hepcidin antimicrobial peptide,K23106,1
HDAC8,histone deacetylase 8,K11405,1
HERC2,HECT and RLD domain containing E3 ubiquitin protein ligase 2,K10595,1
HES7,hes family bHLH transcription factor 7,K09087,1
HFE,homeostatic iron regulator,,1
HGD,"homogentisate 1,2-dioxygenase",K00451,1
HGF,hepatocyte growth factor,K05460,1
HGSNAT,heparan-alpha-glucosaminide N-acetyltransferase,K10532,1
HHAT,hedgehog acyltransferase,K24678,1
HIBCH,3-hydroxyisobutyryl-CoA hydrolase,K05605,1
HJV,hemojuvelin BMP co-receptor,K23100,1
HMBS,hydroxymethylbilane synthase,K01749,1
HMGCL,3-hydroxy-3-methylglutaryl-CoA lyase,K01640,1
HPD,4-hydroxyphenylpyruvate dioxygenase,K00457,1
HPRT1,hypoxanthine phosphoribosyltransferase 1,K00760,1
HRAS,"HRas proto-oncogene, GTPase",K02833,3
HS6ST1,heparan sulfate 6-O-sulfotransferase 1,K02514,1
HSD11B1,hydroxysteroid 11-beta dehydrogenase 1,K15680,1
HSD11B2,hydroxysteroid 11-beta dehydrogenase 2,K00071,1
HSD17B10,hydroxysteroid 17-beta dehydrogenase 10,K08683,1
HSD17B3,hydroxysteroid 17-beta dehydrogenase 3,K10207,1
HSD17B4,hydroxysteroid 17-beta dehydrogenase 4,K12405,1
HSD3B2,"hydroxy-delta-5-steroid dehydrogenase, 3 beta- and steroid delta-isomerase 2",K00070,1
HSD3B7,"hydroxy-delta-5-steroid dehydrogenase, 3 beta- and steroid delta-isomerase 7",K12408,1
HTT,huntingtin,K04533,1
HYAL1,hyaluronidase 1,K01197,1
IDH1,isocitrate dehydrogenase (NADP(+)) 1,K00031,1
IDH2,isocitrate dehydrogenase (NADP(+)) 2,K00031,2
IDS,iduronate 2-sulfatase,K01136,1
IDUA,alpha-L-iduronidase,K01217,1
IFIH1,interferon induced with helicase C domain 1,K12647,1
IFNAR2,interferon alpha and beta receptor subunit 2,K05131,1
IFNGR1,interferon gamma receptor 1,K05132,1
IFNGR2,interferon gamma receptor 2,K05133,1
IFNL3,interferon lambda 3,K22669,1
IGF1,insulin like growth factor 1,K05459,1
IGF1R,insulin like growth factor 1 receptor,K05087,2
IGF2,insulin like growth factor 2,K13769,1
IHH,Indian hedgehog signaling molecule,K11989,1
IKBKG,inhibitor of nuclear factor kappa B kinase regulatory subunit gamma,K07210,2
IL10RA,interleukin 10 receptor subunit alpha,K05134,1
IL10RB,interleukin 10 receptor subunit beta,K05135,1
IL12B,interleukin 12B,K05425,1
IL12RB1,interleukin 12 receptor subunit beta 1,K05063,1
IL23R,interleukin 23 receptor,K05065,1
IL2RB,interleukin 2 receptor subunit beta,K05069,1
IL2RG,interleukin 2 receptor subunit gamma,K05070,1
IL6R,interleukin 6 receptor,K05055,1
IL6ST,interleukin 6 cytokine family signal transducer,K05060,1
IL7R,interleukin 7 receptor,K05072,1
IRAK4,interleukin 1 receptor associated kinase 4,K04733,1
IRF3,interferon regulatory factor 3,K05411,1
IRF5,interferon regulatory factor 5,K09446,1
IRF7,interferon regulatory factor 7,K09447,1
IRF9,interferon regulatory factor 9,K04693,1
IRGM,immunity related GTPase M,K14139,1
ITPR1,"inositol 1,4,5-trisphosphate receptor type 1",K04958,2
IVD,isovaleryl-CoA dehydrogenase,K00253,1
IYD,iodotyrosine deiodinase,K17231,1
JAG1,jagged canonical Notch ligand 1,K06052,1
JAK1,Janus kinase 1,K11217,1
JAK2,Janus kinase 2,K04447,1
JAK3,Janus kinase 3,K11218,1
KCNC3,potassium voltage-gated channel subfamily C member 3,K04889,1
KCND3,potassium voltage-gated channel subfamily D member 3,K04893,1
KCNJ5,potassium inwardly rectifying channel subfamily J member 5,K04999,1
KEAP1,kelch like ECH associated protein 1,K10456,1
KIF2A,kinesin family member 2A,K10393,1
KIF4A,kinesin family member 4A,K10395,1
KIF7,kinesin family member 7,K18806,1
KISS1,KiSS-1 metastasis suppressor,K23140,1
KISS1R,KISS1 receptor,K08374,2
KIT,"KIT proto-oncogene, receptor tyrosine kinase",K05091,1
KLKB1,kallikrein B1,K01324,1
KMT2A,lysine methyltransferase 2A,K09186,2
KNG1,kininogen 1,K03898,1
KNL1,kinetochore scaffold 1,K11542,1
KNSTRN,kinetochore localized astrin (SPAG5) binding protein,K26097,1
KRAS,"KRAS proto-oncogene, GTPase",K07827,2
LARGE1,LARGE xylosyl- and glucuronyltransferase 1,K09668,1
LBR,lamin B receptor,K19532,1
LDHA,lactate dehydrogenase A,K00016,1
LDLR,low density lipoprotein receptor,K12473,1
LDLRAP1,low density lipoprotein receptor adaptor protein 1,K12474,1
LFNG,LFNG O-fucosylpeptide 3-beta-N-acetylglucosaminyltransferase,K05948,1
LGR4,leucine rich repeat containing G protein-coupled receptor 4,K04309,1
LHCGR,luteinizing hormone/choriogonadotropin receptor,K04248,1
LIG1,DNA ligase 1,K10747,1
LIG3,DNA ligase 3,K10776,1
LIG4,DNA ligase 4,K10777,1
LIPA,"lipase A, lysosomal acid type",K01052,1
LMNA,lamin A/C,K12641,1
LMO2,LIM domain only 2,K15612,1
LPL,lipoprotein lipase,K01059,1
LRP2,LDL receptor related protein 2,K06233,1
LRP4,LDL receptor related protein 4,K20051,1
LRP5,LDL receptor related protein 5,K03068,1
LRP6,LDL receptor related protein 6,K03068,2
LRRK2,leucine rich repeat kinase 2,K08844,1
LSS,lanosterol synthase,K01852,1
LTBP3,latent transforming growth factor beta binding protein 3,K08023,1
LZTR1,leucine zipper like post translational regulator 1,K23330,1
MAD1L1,mitotic arrest deficient 1 like 1,K06679,1
MAD2L2,mitotic arrest deficient 2 like 2,K13728,1
MAF,MAF bZIP transcription factor,K09035,1
MAN2B1,mannosidase alpha class 2B member 1,K12311,1
MAOA,monoamine oxidase A,K00274,1
MAP2K1,mitogen-activated protein kinase kinase 1,K04368,1
MAP2K2,mitogen-activated protein kinase kinase 2,K04369,1
MAP3K20,mitogen-activated protein kinase kinase kinase 20,K04424,1
MAPK1,mitogen-activated protein kinase 1,K04371,1
MASP1,MBL associated serine protease 1,K03992,1
MASP2,MBL associated serine protease 2,K03993,1
MAX,MYC associated factor X,K04453,1
MBD4,"methyl-CpG binding domain 4, DNA glycosylase",K10801,1
MBL2,mannose binding lectin 2,K03991,1
MC2R,melanocortin 2 receptor,K04200,1
MCCC1,methylcrotonyl-CoA carboxylase subunit 1,K01968,1
MCCC2,methylcrotonyl-CoA carboxylase subunit 2,K01969,1
MCEE,methylmalonyl-CoA epimerase,K05606,1
MCIDAS,multiciliate differentiation and DNA synthesis associated cell cycle protein,K26119,1
MCM10,minichromosome maintenance 10 replication initiation factor,K10736,1
MCM2,minichromosome maintenance complex component 2,K02540,1
MCM4,minichromosome maintenance complex component 4,K02212,1
MCM5,minichromosome maintenance complex component 5,K02209,1
MCM8,minichromosome maintenance 8 homologous recombination repair factor,K10737,1
MCM9,minichromosome maintenance 9 homologous recombination repair factor,K10738,1
MCPH1,microcephalin 1,K19403,1
MDM2,MDM2 proto-oncogene,K06643,1
MECOM,MDS1 and EVI1 complex locus,K04462,1
MEFV,"MEFV innate immunity regulator, pyrin",K12803,1
MEN1,menin 1,K14970,1
MESP2,mesoderm posterior bHLH transcription factor 2,K09076,1
MET,"MET proto-oncogene, receptor tyrosine kinase",K05099,4
MGAT2,"alpha-1,6-mannosyl-glycoprotein 2-beta-N-acetylglucosaminyltransferase",K00736,1
MIB1,MIB E3 ubiquitin protein ligase 1,K10645,1
MLH1,mutL homolog 1,K08734,1
MLH3,mutL homolog 3,K08739,1
MLLT1,MLLT1 super elongation complex subunit,K15187,1
MMUT,methylmalonyl-CoA mutase,K01847,1
MOCOS,molybdenum cofactor sulfurase,K15631,1
MOCS1,molybdenum cofactor synthesis 1,K20967,1
MOCS2,molybdenum cofactor synthesis 2,K03635,1
MOGS,mannosyl-oligosaccharide glucosidase,K01228,1
MPI,mannose phosphate isomerase,K01809,1
MPL,"MPL proto-oncogene, thrombopoietin receptor",K05082,1
MRAP,melanocortin 2 receptor accessory protein,K22398,1
MRAS,muscle RAS oncogene homolog,K07831,1
MRE11,"MRE11 homolog, double strand break repair nuclease",K10865,1
MSH2,mutS homolog 2,K08735,1
MSH3,mutS homolog 3,K08736,1
MSH6,mutS homolog 6,K08737,1
MSMO1,methylsterol monooxygenase 1,K07750,1
MSTN,myostatin,K05497,1
MTOR,mechanistic target of rapamycin kinase,K07203,1
MUTYH,mutY DNA glycosylase,K03575,1
MVD,mevalonate diphosphate decarboxylase,K01597,1
MVK,mevalonate kinase,K00869,1
MYC,"MYC proto-oncogene, bHLH transcription factor",K04377,1
MYCN,"MYCN proto-oncogene, bHLH transcription factor",K09109,1
NAGLU,N-acetyl-alpha-glucosaminidase,K01205,1
NAGS,N-acetylglutamate synthase,K11067,1
NAT1,N-acetyltransferase 1,K00622,1
NAT2,N-acetyltransferase 2,K00622,1
NBN,nibrin,K10867,1
NCAPD2,non-SMC condensin I complex subunit D2,K06677,1
NCAPD3,non-SMC condensin II complex subunit D3,K11491,1
NCAPG2,non-SMC condensin II complex subunit G2,K11492,1
NCAPH,non-SMC condensin I complex subunit H,K06676,1
NCSTN,nicastrin,K06171,1
NDE1,nudE neurodevelopment protein 1,K16738,1
NDST1,N-deacetylase and N-sulfotransferase 1,K02576,1
NF1,neurofibromin 1,K08052,1
NFE2L2,NFE2 like bZIP transcription factor 2,K05638,1
NHEJ1,non-homologous end joining factor 1,K10980,1
NHP2,NHP2 ribonucleoprotein,K11129,1
NIPBL,NIPBL cohesin loading factor,K06672,1
NKX3-1,NK3 homeobox 1,K09348,1
NLRC4,NLR family CARD domain containing 4,K12805,1
NLRP1,NLR family pyrin domain containing 1,K12798,1
NLRP12,NLR family pyrin domain containing 12,K20865,1
NLRP3,NLR family pyrin domain containing 3,K12800,1
NOD2,nucleotide binding oligomerization domain containing 2,K10165,1
NODAL,nodal growth differentiation factor,K04666,1
NOG,noggin,K04658,1
NOP10,NOP10 ribonucleoprotein,K11130,1
NOTCH1,notch receptor 1,K02599,2
NOTCH2,notch receptor 2,K20994,1
NOTCH3,notch receptor 3,K20995,1
NOTCH4,notch receptor 4,K20996,1
NPRL2,"NPR2 like, GATOR1 complex subunit",K20405,1
NPRL3,"NPR3 like, GATOR1 complex subunit",K20406,1
NR0B1,nuclear receptor subfamily 0 group B member 1,K08562,1
NR3C1,nuclear receptor subfamily 3 group C member 1,K05771,1
NR4A3,nuclear receptor subfamily 4 group A member 3,K08559,1
NR5A1,nuclear receptor subfamily 5 group A member 1,K08560,1
NRAS,"NRAS proto-oncogene, GTPase",K07828,2
NSD2,nuclear receptor binding SET domain protein 2,K11424,1
NSDHL,NAD(P) dependent steroid dehydrogenase-like,K07748,1
NTHL1,nth like DNA glycosylase 1,K10773,1
NTRK1,neurotrophic receptor tyrosine kinase 1,K03176,1
NUS1,NUS1 dehydrodolichyl diphosphate synthase subunit,K19177,1
NXN,nucleoredoxin,K17609,1
OAT,ornithine aminotransferase,K00819,1
OGDH,oxoglutarate dehydrogenase,K00164,1
OGDHL,oxoglutarate dehydrogenase L,K00164,1
OGG1,8-oxoguanine DNA glycosylase,K03660,1
OPLAH,"5-oxoprolinase, ATP-hydrolysing",K01469,1
OPTN,optineurin,K19946,1
ORC1,origin recognition complex subunit 1,K02603,1
ORC4,origin recognition complex subunit 4,K02606,1
ORC6,origin recognition complex subunit 6,K02608,1
OTC,ornithine transcarbamylase,K00611,1
OTULIN,OTU deubiquitinase with linear linkage specificity,K18343,1
PAFAH1B1,platelet activating factor acetylhydrolase 1b regulatory subunit 1,K16794,1
PAH,phenylalanine hydroxylase,K00500,1
PALB2,partner and localizer of BRCA2,K10897,1
PARK7,Parkinsonism associated deglycase,K05687,1
PARN,poly(A)-specific ribonuclease,K01148,1
PAX3,paired box 3,K09381,1
PAX8,paired box 8,K09293,2
PBX1,PBX homeobox 1,K09355,1
PC,pyruvate carboxylase,K01958,1
PCBD1,pterin-4 alpha-carbinolamine dehydratase 1,K01724,1
PCCA,propionyl-CoA carboxylase subunit alpha,K01965,1
PCCB,propionyl-CoA carboxylase subunit beta,K01966,1
PCK1,phosphoenolpyruvate carboxykinase 1,K01596,1
PCNA,proliferating cell nuclear antigen,K04802,1
PCSK9,proprotein convertase subtilisin/kexin type 9,K13050,1
PDE11A,phosphodiesterase 11A,K13298,1
PDE3A,phosphodiesterase 3A,K19021,1
PDE8B,phosphodiesterase 8B,K18437,1
PDGFA,platelet derived growth factor subunit A,K04359,1
PDGFB,platelet derived growth factor subunit B,K17386,1
PDGFRA,platelet derived growth factor receptor alpha,K04363,2
PDHA1,pyruvate dehydrogenase E1 subunit alpha 1,K00161,1
PDHB,pyruvate dehydrogenase E1 subunit beta,K00162,1
PDYN,prodynorphin,K15840,1
PFKM,"phosphofructokinase, muscle",K00850,1
PFN1,profilin 1,K05759,1
PGAM2,phosphoglycerate mutase 2,K01834,1
PGAP1,post-GPI attachment to proteins inositol deacylase 1,K05294,1
PGM1,phosphoglucomutase 1,K01835,1
PHGDH,phosphoglycerate dehydrogenase,K00058,1
PIGA,phosphatidylinositol glycan anchor biosynthesis class A,K03857,1
PIGB,phosphatidylinositol glycan anchor biosynthesis class B,K05286,1
PIGC,phosphatidylinositol glycan anchor biosynthesis class C,K03859,1
PIGG,phosphatidylinositol glycan anchor biosynthesis class G,K05310,1
PIGH,phosphatidylinositol glycan anchor biosynthesis class H,K03858,1
PIGK,phosphatidylinositol glycan anchor biosynthesis class K,K05290,1
PIGL,phosphatidylinositol glycan anchor biosynthesis class L,K03434,1
PIGM,phosphatidylinositol glycan anchor biosynthesis class M,K05284,1
PIGN,phosphatidylinositol glycan anchor biosynthesis class N,K05285,1
PIGO,phosphatidylinositol glycan anchor biosynthesis class O,K05288,1
PIGP,phosphatidylinositol glycan anchor biosynthesis class P,K03861,1
PIGQ,phosphatidylinositol glycan anchor biosynthesis class Q,K03860,1
PIGS,phosphatidylinositol glycan anchor biosynthesis class S,K05291,1
PIGT,phosphatidylinositol glycan anchor biosynthesis class T,K05292,1
PIGU,phosphatidylinositol glycan anchor biosynthesis class U,K05293,1
PIGV,phosphatidylinositol glycan anchor biosynthesis class V,K07542,1
PIGW,phosphatidylinositol glycan anchor biosynthesis class W,K05283,1
PIGY,phosphatidylinositol glycan anchor biosynthesis class Y,K11001,1
PIK3C2A,phosphatidylinositol-4-phosphate 3-kinase catalytic subunit type 2 alpha,K00923,1
PIK3CA,"phosphatidylinositol-4,5-bisphosphate 3-kinase catalytic subunit alpha",K00922,2
PINK1,PTEN induced kinase 1,K05688,1
PKLR,pyruvate kinase L/R,K12406,1
PLG,plasminogen,K01315,1
PML,PML nuclear body scaffold,K10054,1
PMM2,phosphomannomutase 2,K17497,1
PMS2,"PMS1 homolog 2, mismatch repair system component",K10858,1
PMVK,phosphomevalonate kinase,K13273,1
PNKP,polynucleotide kinase 3'-phosphatase,K08073,1
POLA1,"DNA polymerase alpha 1, catalytic subunit",K02320,1
POLD1,"DNA polymerase delta 1, catalytic subunit",K02327,1
POLE,"DNA polymerase epsilon, catalytic subunit",K02324,1
POLG,"DNA polymerase gamma, catalytic subunit",K02332,1
POLG2,"DNA polymerase gamma 2, accessory subunit",K02333,1
POLH,DNA polymerase eta,K03509,1
POLR2A,RNA polymerase II subunit A,K03006,1
POMGNT1,"protein O-linked mannose N-acetylglucosaminyltransferase 1 (beta 1,2-)",K09666,1
POMGNT2,"protein O-linked mannose N-acetylglucosaminyltransferase 2 (beta 1,4-)",K18207,1
POMK,protein O-mannose kinase,K17547,1
POMT1,protein O-mannosyltransferase 1,K00728,1
POMT2,protein O-mannosyltransferase 2,K00728,1
PORCN,porcupine O-acyltransferase,K00181,1
POT1,protection of telomeres 1,K11109,1
PPOX,protoporphyrinogen oxidase,K00231,1
PPP1CB,protein phosphatase 1 catalytic subunit beta,K06269,1
PPP2CA,protein phosphatase 2 catalytic subunit alpha,K04382,1
PPP2R1A,protein phosphatase 2 scaffold subunit Aalpha,K03456,1
PPP2R1B,protein phosphatase 2 scaffold subunit Abeta,K03456,1
PPP2R5D,protein phosphatase 2 regulatory subunit B'delta,K11584,1
PRIM1,DNA primase subunit 1,K02684,1
PRKACA,protein kinase cAMP-activated catalytic subunit alpha,K04345,1
PRKAR1A,protein kinase cAMP-dependent type I regulatory subunit alpha,K04739,1
PRKCG,protein kinase C gamma,K19663,2
PRKDC,"protein kinase, DNA-activated, catalytic subunit",K06642,1
PRKN,parkin RBR E3 ubiquitin protein ligase,K04556,1
PRLR,prolactin receptor,K05081,1
PRNP,prion protein,K05634,2
PROC,"protein C, inactivator of coagulation factors Va and VIIIa",K01344,1
PRODH,proline dehydrogenase 1,K00318,1
PROK2,prokineticin 2,K24191,1
PROKR2,prokineticin receptor 2,K08380,1
PROS1,protein S,K03908,1
PSAP,prosaposin,K12382,1
PSAT1,phosphoserine aminotransferase 1,K00831,1
PSEN1,presenilin 1,K04505,1
PSEN2,presenilin 2,K04522,1
PSENEN,"presenilin enhancer, gamma-secretase subunit",K06170,1
PSPH,phosphoserine phosphatase,K01079,1
PSTPIP1,proline-serine-threonine phosphatase interacting protein 1,K12804,1
PTCH1,patched 1,K06225,2
PTCH2,patched 2,K11101,1
PTEN,phosphatase and tensin homolog,K01110,2
PTH,parathyroid hormone,K05261,1
PTHLH,parathyroid hormone like hormone,K22608,1
PTPN11,protein tyrosine phosphatase non-receptor type 11,K07293,1
PTS,6-pyruvoyltetrahydropterin synthase,K01737,1
PYGL,glycogen phosphorylase L,K00688,1
PYGM,"glycogen phosphorylase, muscle associated",K00688,1
QDPR,quinoid dihydropteridine reductase,K00357,1
RAD21,RAD21 cohesin complex component,K06670,1
RAD50,RAD50 double strand break repair protein,K10866,1
RAD51,RAD51 recombinase,K04482,1
RAD51C,RAD51 paralog C,K10870,1
RAD51D,RAD51 paralog D,K10871,1
RAD54B,RAD54 homolog B,K10877,1
RAD54L,RAD54 like,K10875,1
RAF1,"Raf-1 proto-oncogene, serine/threonine kinase",K04366,1
RAG1,recombination activating 1,K10628,1
RAG2,recombination activating 2,K10988,1
RASA1,RAS p21 protein activator 1,K04352,1
RASD1,ras related dexamethasone induced 1,K07843,1
RASSF1,Ras association domain family member 1,K09850,1
RB1,RB transcriptional corepressor 1,K06618,2
RBBP8,"RB binding protein 8, endonuclease",K20773,1
RBCK1,RANBP2-type and C3HC4-type zinc finger containing 1,K10630,1
RBPJ,recombination signal binding protein for immunoglobulin kappa J region,K06053,1
RECQL4,RecQ like helicase 4,K10730,1
REL,"REL proto-oncogene, NF-kB subunit",K09254,1
RELA,"RELA proto-oncogene, NF-kB subunit",K04735,1
RET,ret proto-oncogene,K05126,3
RFC1,replication factor C subunit 1,K10754,1
RFT1,RFT1 homolog,K06316,1
RFWD3,ring finger and WD repeat domain 3,K15691,1
RIGI,RNA sensor RIG-I,K12646,1
RIPK1,receptor interacting serine/threonine kinase 1,K02861,1
RIPPLY2,ripply transcriptional repressor 2,,1
RIT1,Ras like without CAAX 1,K07832,1
RNASEH2A,ribonuclease H2 subunit A,K10743,1
RNASEH2B,ribonuclease H2 subunit B,K10744,1
RNASEH2C,ribonuclease H2 subunit C,K10745,1
RNF125,ring finger protein 125,K12170,1
RNF168,ring finger protein 168,K20779,1
ROR2,receptor tyrosine kinase like orphan receptor 2,K05123,1
ROS1,"ROS proto-oncogene 1, receptor tyrosine kinase",K05088,1
RPA1,replication protein A1,K07466,1
RPS6KA3,ribosomal protein S6 kinase A3,K04373,1
RRAS2,RAS related 2,K07830,1
RSPO2,R-spondin 2,K23097,1
RSPO4,R-spondin 4,K23099,1
RTEL1,regulator of telomere elongation helicase 1,K11136,1
RUNX1,RUNX family transcription factor 1,K08367,5
RXYLT1,ribitol xylosyltransferase 1,K21052,1
SAMHD1,SAM and HD domain containing deoxynucleoside triphosphate triphosphohydrolase 1,K22544,1
SC5D,sterol-C5-desaturase,K00227,1
SCP2,sterol carrier protein 2,K08764,1
SDHA,succinate dehydrogenase complex flavoprotein subunit A,K00234,1
SDHB,succinate dehydrogenase complex iron sulfur subunit B,K00235,1
SDHD,succinate dehydrogenase complex subunit D,K00237,1
SERPINA1,serpin family A member 1,K03984,1
SERPINA6,serpin family A member 6,K04525,1
SERPINC1,serpin family C member 1,K03911,1
SERPIND1,serpin family D member 1,K03912,1
SERPINE1,serpin family E member 1,K03982,1
SERPINF2,serpin family F member 2,K03983,1
SERPING1,serpin family G member 1,K04001,1
SFRP4,secreted frizzled related protein 4,K02185,1
SGO1,shugoshin 1,K11580,1
SGSH,N-sulfoglucosamine sulfohydrolase,K01565,1
SHH,sonic hedgehog signaling molecule,K11988,2
SHOC2,SHOC2 leucine rich repeat scaffold protein,K19613,1
SI,sucrase-isomaltase,K01203,1
SIGMAR1,sigma non-opioid intracellular receptor 1,K20719,1
SLC16A2,solute carrier family 16 member 2,K08231,1
SLC22A5,solute carrier family 22 member 5,K08202,1
SLC25A20,solute carrier family 25 member 20,K15109,1
SLC26A4,solute carrier family 26 member 4,K14702,1
SLC2A2,solute carrier family 2 member 2,K07593,1
SLC35A1,solute carrier family 35 member A1,K15272,1
SLC35A2,solute carrier family 35 member A2,K15272,1
SLC35C1,solute carrier family 35 member C1,K15279,1
SLC37A4,solute carrier family 37 member 4,K08171,1
SLC39A14,solute carrier family 39 member 14,K14720,1
SLC40A1,solute carrier family 40 member 1,K14685,1
SLC5A5,solute carrier family 5 member 5,K14385,1
SLC6A8,solute carrier family 6 member 8,K05041,1
SLCO1B1,solute carrier organic anion transporter family member 1B1,K05043,1
SLX4,SLX4 structure-specific endonuclease subunit,K10484,1
SMAD2,SMAD family member 2,K04500,2
SMAD3,SMAD family member 3,K23605,1
SMAD4,SMAD family member 4,K04501,1
SMAD9,SMAD family member 9,K16791,1
SMC1A,structural maintenance of chromosomes 1A,K06636,1
SMC3,structural maintenance of chromosomes 3,K06669,1
SMO,"smoothened, frizzled class receptor",K06226,1
SMPD1,sphingomyelin phosphodiesterase 1,K12350,1
SMS,spermine synthase,K00802,1
SNCA,synuclein alpha,K04528,1
SOD1,superoxide dismutase 1,K04565,1
SOS1,SOS Ras/Rac guanine nucleotide exchange factor 1,K03099,1
SOS2,SOS Ras/Rho guanine nucleotide exchange factor 2,K03099,1
SOST,sclerostin,K16834,1
SPR,sepiapterin reductase,K00072,1
SPRED1,sprouty related EVH1 domain containing 1,K04703,1
SPTBN2,"spectrin beta, non-erythrocytic 2",K23932,1
SQSTM1,sequestosome 1,K14381,1
SRD5A2,steroid 5 alpha-reductase 2,K12344,1
SRD5A3,steroid 5 alpha-reductase 3,K12345,1
SS18,SS18 subunit of BAF chromatin remodeling complex,K15623,1
SSX1,SSX family member 1,K15624,1
SSX2,SSX family member 2,K15625,1
STAG1,stromal antigen 1,K06671,1
STAG2,stromal antigen 2,K06671,1
STAT1,signal transducer and activator of transcription 1,K11220,1
STAT2,signal transducer and activator of transcription 2,K11221,1
STAT3,signal transducer and activator of transcription 3,K04692,1
STAT5B,signal transducer and activator of transcription 5B,K11224,1
STEAP3,STEAP3 metalloreductase,K10142,1
STING1,stimulator of interferon response cGAMP interactor 1,K12654,1
STK11,serine/threonine kinase 11,K07298,1
STN1,STN1 subunit of CST complex,K23312,1
STRADA,STE20 related adaptor alpha,K08271,1
STT3A,STT3 oligosaccharyltransferase complex catalytic subunit A,K07151,1
STT3B,STT3 oligosaccharyltransferase complex catalytic subunit B,K07151,1
SUFU,SUFU negative regulator of hedgehog signaling,K06229,1
TAC3,tachykinin precursor 3,K05240,1
TACR3,tachykinin receptor 3,K04224,1
TARDBP,TAR DNA binding protein,K23600,1
TAT,tyrosine aminotransferase,K00815,1
TBC1D7,TBC1 domain family member 7,K20396,1
TBK1,TANK binding kinase 1,K05410,1
TBX6,T-box transcription factor 6,K10180,1
TCF3,transcription factor 3,K09063,1
TDP1,tyrosyl-DNA phosphodiesterase 1,K10862,1
TERC,telomerase RNA component,K22183,1
TERT,telomerase reverse transcriptase,K11126,2
TF,transferrin,K14736,1
TFE3,transcription factor binding to IGHM enhancer 3,K09105,2
TFR2,transferrin receptor 2,K23910,1
TG,thyroglobulin,K10809,1
TGFA,transforming growth factor alpha,K08774,1
TGFB1,transforming growth factor beta 1,K13375,1
TGFB2,transforming growth factor beta 2,K13376,1
TGFB3,transforming growth factor beta 3,K13377,1
TGFBR1,transforming growth factor beta receptor 1,K04674,2
TGFBR2,transforming growth factor beta receptor 2,K04388,3
TH,tyrosine hydroxylase,K00501,1
THBD,thrombomodulin,K03907,1
THPO,thrombopoietin,K06854,1
THRA,thyroid hormone receptor alpha,K05547,1
THRB,thyroid hormone receptor beta,K08362,1
TICAM1,TIR domain containing adaptor molecule 1,K05842,1
TINF2,TERF1 interacting nuclear factor 2,K11112,1
TIRAP,TIR domain containing adaptor protein,K05403,1
TLR1,toll like receptor 1,K05398,1
TLR2,toll like receptor 2,K10159,1
TLR3,toll like receptor 3,K05401,1
TLR4,toll like receptor 4,K10160,1
TLR5,toll like receptor 5,K10168,1
TLR7,toll like receptor 7,K05404,1
TLX1,T cell leukemia homeobox 1,K09340,1
TNFAIP3,TNF alpha induced protein 3,K11859,1
TNFRSF10B,TNF receptor superfamily member 10b,K04722,1
TNFRSF1A,TNF receptor superfamily member 1A,K03158,1
TOP3A,DNA topoisomerase III alpha,K03165,1
TP53,tumor protein p53,K04451,1
TPH2,tryptophan hydroxylase 2,K00502,1
TPMT,thiopurine S-methyltransferase,K00569,1
TPO,thyroid peroxidase,K00431,1
TPP1,tripeptidyl peptidase 1,K01279,1
TRAF3,TNF receptor associated factor 3,K03174,1
TRAIP,TRAF interacting protein,K11985,1
TREX1,three prime repair exonuclease 1,K10790,1
TRHR,thyrotropin releasing hormone receptor,K04282,1
TRIP13,thyroid hormone receptor interactor 13,K22399,1
TRPC3,transient receptor potential cation channel subfamily C member 3,K04966,1
TSC1,TSC complex subunit 1,K07206,2
TSC2,TSC complex subunit 2,K07207,2
TSHB,thyroid stimulating hormone subunit beta,K05251,1
TSHR,thyroid stimulating hormone receptor,K04249,2
TUBA1A,tubulin alpha 1a,K07374,1
TUBA3D,tubulin alpha 3d,K07374,1
TUBA4A,tubulin alpha 4a,K07374,1
TUBA8,tubulin alpha 8,K07374,1
TUBB,tubulin beta class I,K07375,1
TUBB1,tubulin beta 1 class VI,K07375,1
TUBB2A,tubulin beta 2A class IIa,K07375,1
TUBB2B,tubulin beta 2B class IIb,K07375,1
TUBB3,tubulin beta 3 class III,K07375,1
TUBB4A,tubulin beta 4A class IVa,K07375,1
TUBB4B,tubulin beta 4B class IVb,K07375,1
TUBB6,tubulin beta 6 class V,K07375,1
TUBB8,tubulin beta 8 class VIII,K07375,1
TUBG1,tubulin gamma 1,K10389,1
TUBGCP2,tubulin gamma complex associated protein 2,K16569,1
TUBGCP4,tubulin gamma complex associated protein 4,K16571,1
TUBGCP6,tubulin gamma complex associated protein 6,K16573,1
TYR,tyrosinase,K00505,1
TYRP1,tyrosinase related protein 1,K00506,1
UBE2T,ubiquitin conjugating enzyme E2 T,K13960,1
UBQLN2,ubiquilin 2,K04523,1
UCHL1,ubiquitin C-terminal hydrolase L1,K05611,1
UGT1A1,UDP glucuronosyltransferase family 1 member A1,K00699,1
UNG,uracil DNA glycosylase,K03648,1
UPB1,beta-ureidopropionase 1,K01431,1
UROD,uroporphyrinogen decarboxylase,K01599,1
UROS,uroporphyrinogen III synthase,K01719,1
USP18,ubiquitin specific peptidase 18,K11846,1
USP8,ubiquitin specific peptidase 8,K11839,1
UVSSA,UV stimulated scaffold protein A,K23720,1
VAPB,VAMP associated protein B and C,K10707,1
VCP,valosin containing protein,K13525,1
VHL,von Hippel-Lindau tumor suppressor,K03871,2
VKORC1,vitamin K epoxide reductase complex subunit 1,K05357,1
VWF,von Willebrand factor,K03900,1
WNT1,Wnt family member 1,K03209,1
WNT10A,Wnt family member 10A,K01357,1
WNT10B,Wnt family member 10B,K01357,1
WNT3,Wnt family member 3,K00312,1
WNT5A,Wnt family member 5A,K00444,1
WNT7A,Wnt family member 7A,K00572,1
WRAP53,WD repeat containing antisense to TP53,K23314,1
WRN,WRN RecQ like helicase,K10900,1
WT1,WT1 transcription factor,K09234,1
XDH,xanthine dehydrogenase,K00106,1
XIAP,X-linked inhibitor of apoptosis,K04725,1
XPA,"XPA, DNA damage recognition and repair factor",K10847,1
XPC,"XPC complex subunit, DNA damage recognition and repair factor",K10838,1
XRCC1,X-ray repair cross complementing 1,K10803,1
XRCC2,X-ray repair cross complementing 2,K10879,1
XRCC3,X-ray repair cross complementing 3,K10880,1
XRCC4,X-ray repair cross complementing 4,K10886,1
XYLT1,xylosyltransferase 1,K00771,1
XYLT2,xylosyltransferase 2,K00771,1
ZBTB16,zinc finger and BTB domain containing 16,K10055,1
ZCCHC8,zinc finger CCHC-type containing 8,K13128,1
